ALADAÐ_store;1
CEYHAN_store;1
ÇUKUROVA_store;1
FEKE_store;1
ÝMAMOÐLU_store;1
KARAÝSALI_store;2
KARATAÞ_store;2
KOZAN_store;2
POZANTI_store;2
SAÝMBEYLÝ_store;2
SARIÇAM_store;3
SEYHAN_store;3
TUFANBEYLÝ_store;3
YUMURTALIK_store;3
YÜREÐÝR_store;3
BESNÝ_store;4
ÇELÝKHAN_store;4
GERGER_store;4
GÖLBAÞI_store;4
KAHTA_store;4
SAMSAT_store;5
SÝNCÝK_store;5
TUT_store;5
BAÞMAKÇI_store;5
BAYAT_store;5
BOLVADÝN_store;6
ÇAY_store;6
ÇOBANLAR_store;6
DAZKIRI_store;6
DÝNAR_store;6
EMÝRDAÐ_store;7
EVCÝLER_store;7
HOCALAR_store;7
ÝHSANÝYE_store;7
ÝSCEHÝSAR_store;7
KIZILÖREN_store;8
SANDIKLI_store;8
SÝNANPAÞA_store;8
SULTANDAÐI_store;8
ÞUHUT_store;8
DÝYADÝN_store;9
DOÐUBAYAZIT_store;9
ELEÞKÝRT_store;9
HAMUR_store;9
PATNOS_store;9
TAÞLIÇAY_store;10
TUTA_store;10
GÖYNÜCEK_store;10
GÜMÜÞHACIKÖY_store;10
HAMAMÖZÜ_store;10
MERZÝFON_store;11
SULUOVA_store;11
TAÞOVA_store;11
AKYURT_store;11
ALTINDAÐ_store;11
AYAÞ_store;12
BALA_store;12
BEYPAZARI_store;12
ÇAMLIDERE_store;12
ÇANKAYA_store;12
ÇUBUK_store;13
ELMADAÐ_store;13
ETÝMESGUT_store;13
EVREN_store;13
GÖLBAÞI_store;13
GÜDÜL_store;14
HAYMANA_store;14
KALECÝK_store;14
KAZAN_store;14
KEÇÝÖREN_store;14
KIZILCAHAMAM_store;15
MAMAK_store;15
NALLIHAN_store;15
POLATLI_store;15
PURSAKLAR_store;15
SÝNCAN_store;16
ÞEREFLÝKOÇHÝSAR_store;16
YENÝMAHALLE_store;16
AKSEKÝ_store;16
AKSU_store;16
ALANYA_store;17
DEMRE_store;17
DÖÞEMEALTI_store;17
ELMALI_store;17
FÝNÝKE_store;17
GAZÝPAÞA_store;18
GÜNDOÐMUÞ_store;18
ÝBRADI_store;18
KAÞ_store;18
KEMER_store;18
KEPEZ_store;19
KONYAALTI_store;19
KORKUTELÝ_store;19
KUMLUCA_store;19
MANAVGAT_store;19
MURATPAÞA_store;20
SERÝK_store;20
ARDANUÇ_store;20
ARHAVÝ_store;20
BORÇKA_store;20
HOPA_store;21
MURGUL_store;21
ÞAVÞAT_store;21
YUSUFELÝ_store;21
BOZDOÐAN_store;21
BUHARKENT_store;22
ÇÝNE_store;22
DÝDÝM_store;22
GERMENCÝK_store;22
ÝNCÝRLÝOVA_store;22
KARACASU_store;23
KARPUZLU_store;23
KOÇARLI_store;23
KÖÞK_store;23
KUÞADASI_store;23
KUYUCAK_store;24
NAZÝLLÝ_store;24
SÖKE_store;24
SULTANHÝSAR_store;24
YENÝPAZAR_store;24
AYVALIK_store;25
BALYA_store;25
BANDIRMA_store;25
BÝGADÝÇ_store;25
BURHANÝYE_store;25
DURSUNBEY_store;26
EDREMÝT_store;26
ERDEK_store;26
GÖMEÇ_store;26
GÖNEN_store;26
HAVRAN_store;27
ÝVRÝNDÝ_store;27
KEPSUT_store;27
MANYAS_store;27
MARMARA_store;27
SAVAÞTEPE_store;28
SINDIRGI_store;28
SUSURLUK_store;28
BOZÜYÜK_store;28
GÖLPAZARI_store;28
ÝNHÝSAR_store;29
OSMANELÝ_store;29
PAZARYERÝ_store;29
SÖÐÜT_store;29
YENÝPAZAR_store;29
ADAKLI_store;30
GENÇ_store;30
KARLIOVA_store;30
KÝÐI_store;30
SOLHAN_store;30
YAYLADERE_store;31
YEDÝSU_store;31
ADÝLCEVAZ_store;31
AHLAT_store;31
GÜROYMAK_store;31
HÝZAN_store;32
MUTKÝ_store;32
TATVAN_store;32
DÖRTDÝVAN_store;32
GEREDE_store;32
GÖYNÜK_store;33
KIBRISCIK_store;33
MENGEN_store;33
MUDURNU_store;33
SEBEN_store;33
YENÝÇAÐA_store;34
AÐLASUN_store;34
ALTINYAYLA_store;34
BUCAK_store;34
ÇAVDIR_store;34
ÇELTÝKÇÝ_store;35
GÖLHÝSAR_store;35
KARAMANLI_store;35
KEMER_store;35
TEFENNÝ_store;35
YEÞÝLOVA_store;36
BÜYÜKORHAN_store;36
GEMLÝK_store;36
GÜRSU_store;36
HARMANCIK_store;36
ÝNEGÖL_store;37
ÝZNÝK_store;37
KARACABEY_store;37
KELES_store;37
KESTEL_store;37
MUDANYA_store;38
MUSTAFAKEMALPAÞA_store;38
NÝLÜFER_store;38
ORHANELÝ_store;38
ORHANGAZÝ_store;38
OSMANGAZÝ_store;39
YENÝÞEHÝR_store;39
YILDIRIM_store;39
AYVACIK_store;39
BAYRAMÝÇ_store;39
BÝGA_store;40
BOZCAADA_store;40
ÇAN_store;40
ECEABAT_store;40
EZÝNE_store;40
GELÝBOLU_store;41
ÝMROZ_store;41
LAPSEKÝ_store;41
YENÝCE_store;41
ATKARACALAR_store;41
BAYRAMÖREN_store;42
ÇERKEÞ_store;42
ELDÝVAN_store;42
ILGAZ_store;42
KIZILIRMAK_store;42
KORGUN_store;43
KURÞUNLU_store;43
ORTA_store;43
ÞABANÖZÜ_store;43
YAPRAKLI_store;43
ALACA_store;44
BAYAT_store;44
BOÐAZKALE_store;44
DODURGA_store;44
ÝSKÝLÝP_store;44
KARGI_store;45
LAÇÝN_store;45
MECÝTÖZÜ_store;45
OÐUZLAR_store;45
ORTAKÖY_store;45
OSMANCIK_store;46
SUNGURLU_store;46
UÐURLUDAÐ_store;46
ACIPAYAM_store;46
PAMUKKALE_store;46
BABADAÐ_store;47
BAKLAN_store;47
BEKÝLLÝ_store;47
BEYAÐAÇ_store;47
BOZKURT_store;47
BULDAN_store;48
ÇAL_store;48
ÇAMELÝ_store;48
ÇARDAK_store;48
ÇÝVRÝL_store;48
GÜNEY_store;49
HONAZ_store;49
KALE_store;49
SARAYKÖY_store;49
SERÝNHÝSAR_store;49
TAVAS_store;50
BAÐLAR_store;50
BÝSMÝL_store;50
ÇERMÝK_store;50
ÇINAR_store;50
ÇÜNGÜÞ_store;51
DÝCLE_store;51
EÐÝL_store;51
ERGANÝ_store;51
HANÝ_store;51
HAZRO_store;52
KAYAPINAR_store;52
KOCAKÖY_store;52
KULP_store;52
LÝCE_store;52
SÝLVAN_store;53
SUR_store;53
YENÝÞEHÝR_store;53
ENEZ_store;53
HAVSA_store;53
ÝPSALA_store;54
KEÞAN_store;54
LALAPAÞA_store;54
MERÝÇ_store;54
SÜLOÐLU_store;54
UZUNKÖPRÜ_store;55
AÐIN_store;55
ALACAKAYA_store;55
ARICAK_store;55
BASKÝL_store;55
KARAKOÇAN_store;56
KEBAN_store;56
KOVANCILAR_store;56
MADEN_store;56
PALU_store;56
SÝVRÝCE_store;57
ÇAYIRLI_store;57
ÝLÝÇ_store;57
KEMAH_store;57
KEMALÝYE_store;57
OTLUKBELÝ_store;58
REFAHÝYE_store;58
TERCAN_store;58
ÜZÜMLÜ_store;58
AÞKALE_store;58
AZÝZÝYE_store;59
ÇAT_store;59
HINIS_store;59
HORASAN_store;59
ÝSPÝR_store;59
KARAÇOBAN_store;60
KARAYAZI_store;60
KÖPRÜKÖY_store;60
NARMAN_store;60
OLTU_store;60
OLUR_store;61
PALANDÖKEN_store;61
PASÝNLER_store;61
PAZARYOLU_store;61
ÞENKAYA_store;61
TEKMAN_store;62
TORTUM_store;62
UZUNDERE_store;62
YAKUTÝYE_store;62
ALPU_store;62
BEYLÝKOVA_store;63
ÇÝFTELER_store;63
GÜNYÜZÜ_store;63
HAN_store;63
ÝNÖNÜ_store;63
MAHMUDÝYE_store;64
MÝHALGAZÝ_store;64
MÝHALIÇÇIK_store;64
ODUNPAZARI_store;64
SARICAKAYA_store;64
SEYÝTGAZÝ_store;65
SÝVRÝHÝSAR_store;65
TEPEBAÞI_store;65
ARABAN_store;65
ÝSLAHÝYE_store;65
KARKAMIÞ_store;66
NÝZÝP_store;66
NURDAÐI_store;66
OÐUZELÝ_store;66
ÞAHÝNBEY_store;66
ÞEHÝTKAMÝL_store;67
YAVUZELÝ_store;67
ALUCRA_store;67
BULANCAK_store;67
ÇAMOLUK_store;67
ÇANAKÇI_store;68
DERELÝ_store;68
DOÐANKENT_store;68
ESPÝYE_store;68
EYNESÝL_store;68
GÖRELE_store;69
GÜCE_store;69
KEÞAP_store;69
PÝRAZÝZ_store;69
ÞEBÝNKARAHÝSAR_store;69
TÝREBOLU_store;70
YAÐLIDERE_store;70
KELKÝT_store;70
KÖSE_store;70
KÜRTÜN_store;70
ÞÝRAN_store;71
TORUL_store;71
ÇUKURCA_store;71
ÞEMDÝNLÝ_store;71
YÜKSEKOVA_store;71
ALTINÖZÜ_store;72
BELEN_store;72
DÖRTYOL_store;72
ERZÝN_store;72
HASSA_store;72
ÝSKENDERUN_store;73
KIRIKHAN_store;73
KUMLU_store;73
REYHANLI_store;73
SAMANDAÐ_store;73
YAYLADAÐI_store;74
AKSU_store;74
ATABEY_store;74
EÐÝRDÝR_store;74
GELENDOST_store;74
GÖNEN_store;75
KEÇÝBORLU_store;75
SENÝRKENT_store;75
SÜTÇÜLER_store;75
ÞARKÝKARAAÐAÇ_store;75
ULUBORLU_store;76
YALVAÇ_store;76
YENÝÞARBADEMLÝ_store;76
AKDENÝZ_store;76
ANAMUR_store;76
AYDINCIK_store;77
BOZYAZI_store;77
ÇAMLIYAYLA_store;77
ERDEMLÝ_store;77
GÜLNAR_store;77
MEZÝTLÝ_store;78
MUT_store;78
SÝLÝFKE_store;78
TARSUS_store;78
TOROSLAR_store;78
YENÝÞEHÝR_store;79
ADALAR_store;79
ARNAVUTKÖY_store;79
ATAÞEHÝR_store;79
AVCILAR_store;79
BAÐCILAR_store;80
BAHÇELÝEVLER_store;80
BAKIRKÖY_store;80
BAÞAKÞEHÝR_store;80
BAYRAMPAÞA_store;80
BEÞÝKTAÞ_store;81
BEYKOZ_store;81
BEYLÝKDÜZÜ_store;81
BEYOÐLU_store;81
BÜYÜKÇEKMECE_store;81
