Caught Up in You;1;1;1;
Fantasy Girl;2;1;2;
Hold On Loosely;3;1;3;
Rockin Into the Night;4;2;4;
Art For Arts Sake;5;1;5;
Kryptonite;6;1;6;
Loser;7;1;7;
When Im Gone;8;3;8;
Whats Up?;9;1;9;
Take On Me;10;2;10;
Baby Please Dont Go;11;1;11;
Back In Black;12;1;12;
Big Gun;13;1;13;
CANT STOP ROCKNROLL;14;1;14;
Dirty Deeds Done Dirt Cheap;15;1;15;
For Those About To Rock;16;1;16;
Girls Got Rhythm;17;2;17;
Hard As A Rock;18;1;18;
Have a Drink On Me;19;1;19;
Hells Bells;20;2;20;
Highway To Hell;21;1;21;
Its A Long Way To The Top;22;1;22;
Jailbreak;23;3;23;
Let There Be Rock;24;1;24;
Lets Get It Up;25;1;25;
Live Wire;26;2;26;
Moneytalks;27;1;27;
Night Prowler;28;1;28;
Rock and Roll Aint Noise Pollution;29;1;29;
Shoot To Thrill;30;1;30;
Shot Down In Flames;31;3;31;
Sin City;32;2;32;
T.N.T.;33;3;33;
Thunderstruck;34;1;34;
Touch Too Much;35;2;35;
What Do You Do For Money Honey;36;1;36;
Who Made Who;37;1;37;
Whole Lotta Rosie;38;3;38;
You Shook Me All Night Long;39;1;39;
How Long;40;1;40;
Dog On A Leash;41;2;41;
Angel;42;1;42;
Baby Please Dont Go;43;1;43;
Back in the Saddle;44;1;44;
Big Ten Inch;45;1;45;
Come Together;46;3;46;
Crazy;47;1;47;
Cryin;48;2;48;
Draw The Line;49;2;49;
Dream On;50;1;50;
Dude (Looks Like a Lady);51;1;51;
Jaded;52;1;52;
Janies Got A Gun;53;1;53;
Kings and Queens;54;1;54;
Last Child;55;1;55;
Let the Music Do the Talking;56;1;56;
Livin On The Edge;57;1;57;
Love In An Elevator;58;1;58;
Mama Kin;59;1;59;
No More No More;60;1;60;
One Way Street;61;3;61;
Pink;62;1;62;
Rag Doll;63;3;63;
Same Old Song and Dance;64;2;64;
Seasons of Wither;65;1;65;
Sweet Emotion;66;1;66;
The Other Side;67;2;67;
Toys in the Attic;68;3;68;
Train Kept ARollin;69;3;69;
Walk This Way;70;1;70;
What It Takes;71;1;71;
You See Me Crying;72;1;72;
Hand In My Pocket;73;3;73;
You Oughta Know;74;1;74;
Black Velvet;75;2;75;
Fantasy;76;1;76;
BE MY LOVER;77;1;77;
Billion Dollar Babies;78;3;78;
Eighteen;79;3;79;
Elected;80;1;80;
House Of Fire;81;1;81;
Im Eighteen;82;1;82;
No More Mr. Nice Guy;83;1;83;
Schools Out;84;1;84;
Under My Wheels;85;1;85;
Welcome To My Nightmare;86;1;86;
Down in a Hole;87;1;87;
Man In The Box;88;1;88;
No Excuses;89;1;89;
Rooster;90;1;90;
Them Bones;91;1;91;
Would?;92;1;92;
Aint Wastin Time No More;93;1;93;
Blue Sky;94;1;94;
Good Clean Fun;95;1;95;
In Memory Of Elizabeth Reed;96;1;96;
Jessica;97;1;97;
Melissa;98;1;98;
Midnight Rider;99;1;99;
Open Eyes;100;2;100;
Abalone;1;4;101;
Agon;2;5;102;
Backgammon;3;6;103;
Battleship;4;4;104;
Blockade;5;5;105;
Blood Bowl;6;6;106;
Bul;7;4;107;
Camelot;8;5;108;
Checkers;9;6;109;
Chess;10;4;110;
Cross and Circle game;11;5;111;
Daldøs;12;6;112;
Downfall;13;4;113;
DVONN;14;5;114;
Fanorona;15;6;115;
Game of the Generals;16;4;116;
Ghosts;17;5;117;
Go;18;6;118;
Gipf;19;4;119;
Guess Who?;20;5;120;
Hare and Hounds;21;6;121;
Hex;22;4;122;
Hijara;23;5;123;
Isola;24;6;124;
Janggi (Korean Chess);25;4;125;
Le Jeu de la Guerre;26;5;126;
Kalah;27;6;127;
Kamisado;28;4;128;
Liu po;29;5;129;
Lost Cities;30;6;130;
Mad Gab;31;4;131;
Master Mind;32;5;132;
Nine Mens Morris;33;6;133;
Obsession;34;4;134;
Othello;35;5;135;
Patolli;36;6;136;
Plateau;37;4;137;
PÜNCT;38;5;138;
Rithmomachy;39;6;139;
Sáhkku;40;4;140;
Senet;41;5;141;
Shogi;42;6;142;
Space Hulk;43;4;143;
Stratego;44;5;144;
Sugoroku;45;6;145;
Tâb;46;4;146;
Tablut;47;5;147;
Tantrix;48;6;148;
Wari;49;4;149;
Xiangqi (Chinese chess);50;5;150;
YINSH;51;6;151;
ZÈRTZ;52;4;152;
1313 Dead End Drive;53;5;153;
American Megafauna;54;6;154;
AntiMonopoly;55;4;155;
Attack!;56;5;156;
Axis & Allies;57;6;157;
Bang!;58;4;158;
Betrayal at House on the Hill;59;5;159;
Blokus;60;6;160;
Blood Feud in New York;61;4;161;
Blue Max;62;5;162;
Bookchase;63;6;163;
Castle Risk;64;4;164;
Clue Jr.: Case of the Missing Pet;65;5;165;
Coppit;66;6;166;
Crash! The bankrupt game;67;4;167;
Diplomacy;68;5;168;
Djambi;69;6;169;
Doom: The Boardgame;70;4;170;
Eclipse;71;5;171;
Finance;72;6;172;
Ghettopoly;73;4;173;
The Great Train Robbery;74;5;174;
Heroscape;75;6;175;
Hey;76;4;176;
Thats My Fish!;77;5;177;
Hotels;78;6;178;
Jenga;79;4;179;
Khet;80;5;180;
King of Tokyo;81;6;181;
King Oil;82;4;182;
Ludo;83;5;183;
Monopoly;84;6;184;
Monopoly Junior;85;4;185;
Poleconomy;86;5;186;
Risk;87;6;187;
Shadow Hunters;88;4;188;
Shogun/Samurai Swords;89;5;189;
Solarquest;90;6;190;
Spy Alley;91;4;191;
Star Wars Epic Duels;92;5;192;
Star Wars Tactics;93;6;193;
StarCraft: The Board Game;94;4;194;
Strange Synergy;95;5;195;
Summit;96;6;196;
TEG;97;4;197;
Titan;98;5;198;
Tsuro;99;6;199;
Tsuro of the Seas;100;4;200;
ABC Danny;1;7;9,78159E+12;
ABC Danny (Hardcover);2;8;9,78159E+12;
Adventures of Super Danny and BatBee The;3;9;9,78159E+12;
Alive or Not Alive Danny?;4;7;9,78159E+12;
All About Danny;5;8;9,78159E+12;
All About Danny Lap Book;6;9;9,78159E+12;
At Grandma Ruths House;7;7;9,78159E+12;
Autumn in the Woods;8;8;9,78159E+12;
Baby Elephant Goes for a Swim;9;9;9,78159E+12;
Baby Elephant Goes for a Swim Lap Book;10;7;9,78159E+12;
Baby Elephant is Thirsty;11;8;9,78159E+12;
Baby Elephant is Thirsty Lap Book;12;9;9,78159E+12;
Baby Elephant Runs Away;13;7;9,78159E+12;
Baby Elephant Runs Away Lap Book;14;8;9,78159E+12;
Baby Elephants Trunk;15;9;9,78159E+12;
Baby Elephants Trunk Lap Book;16;7;9,78159E+12;
Bath for Lucky A;17;8;9,78159E+12;
Bats in Dannys House;18;9;9,78159E+12;
Berries For Baby Elephant;19;7;9,78159E+12;
Berries For Baby Elephant Lap Book;20;8;9,78159E+12;
Birds Around the Pond;21;9;9,78159E+12;
Birthday for Dannys Bee A;22;7;9,78159E+12;
Botanist Danny;23;8;9,78159E+12;
Brown Bears at the Zoo;24;9;9,78159E+12;
Camping Out;25;7;9,78159E+12;
Canada Geese Around the Pond;26;8;9,78159E+12;
Cat Wants to Play The;27;9;9,78159E+12;
Cats Like to Hide;28;7;9,78159E+12;
Cheetahs at the Zoo;29;8;9,78159E+12;
Chicken Guard Dog;30;9;9,78159E+12;
Chickens;31;7;9,78159E+12;
Chickens and the Fox The;32;8;9,78159E+12;
Circus Fish;33;9;9,78159E+12;
Cookies For Danny;34;7;9,78159E+12;
Counting Frogs Around the Pond;35;8;9,78159E+12;
Cows;36;9;9,78159E+12;
Dandelion Danny;37;7;9,78159E+12;
Danny and Abby are Friends;38;8;9,78159E+12;
Danny and Abby Play Hospital;39;9;9,78159E+12;
Danny and Abby Play Tag;40;7;9,78159E+12;
Danny and Bee Play Together;41;8;9,78159E+12;
Danny and Bee Play Together Lap Book;42;9;9,78159E+12;
Danny and Bees Book of Opposites;43;7;9,78159E+12;
Danny and Bees Safety Rules;44;8;9,78159E+12;
Danny and Bees Safety Rules Lap Book;45;9;9,78159E+12;
Danny and Dad Go on a Picnic;46;7;9,78159E+12;
Danny and Dad Go Shopping;47;8;9,78159E+12;
Danny and Dad Read;48;9;9,78159E+12;
Danny and Heather Share;49;7;9,78159E+12;
Danny and Normans Snowman;50;8;9,78159E+12;
Danny and Normans Favorite Knock Knock Jokes;51;9;9,78159E+12;
Danny and The Big Race;52;7;9,78159E+12;
Danny and the Bully;53;8;9,78159E+12;
Danny and the Corn Maze;54;9;9,78159E+12;
Danny and the Four Seasons;55;7;9,78159E+12;
Danny and the Little Bunny;56;8;9,78159E+12;
Danny and the Little Worm;57;9;9,78159E+12;
Danny and the Monarch Butterfly;58;7;9,78159E+12;
Danny and the Runaway Train;59;8;9,78159E+12;
Danny at the Car Wash;60;9;9,78159E+12;
Danny Can Sort;61;7;9,78159E+12;
Danny Follows the Signs;62;8;9,78159E+12;
Danny Gets Fit;63;9;9,78159E+12;
Danny Goes For a Walk;64;7;9,78159E+12;
Danny is a Big Dog;65;8;9,78159E+12;
Danny Likes Apples;66;9;9,78159E+12;
Danny Likes Red;67;7;9,78159E+12;
Danny Likes Red Lap Book;68;8;9,78159E+12;
Danny Likes to Help;69;9;9,78159E+12;
Danny Likes To Help Lap Book;70;7;9,78159E+12;
Danny Looks for a Honeybee Yard;71;8;9,78159E+12;
Danny Looks For Abby;72;9;9,78159E+12;
Danny Makes a Mask;73;7;9,78159E+12;
Danny Meets Norman;74;8;9,78159E+12;
Danny Paints a Picture;75;9;9,78159E+12;
Danny the Dinosaur;76;7;9,78159E+12;
Danny Bee and the Skunk;77;8;9,78159E+12;
Dannys Bean Plant;78;9;9,78159E+12;
Dannys Bee (the beginning);79;7;9,78159E+12;
Dannys Big Adventure;80;8;9,78159E+12;
Dannys Birthday Wishes Lap Book;81;9;9,78159E+12;
Dannys Castle;82;7;9,78159E+12;
Dannys Dinner;83;8;9,78159E+12;
Dannys Favorite Shape;84;9;9,78159E+12;
Dannys Five Little Pumpkins;85;7;9,78159E+12;
Dannys Five Senses;86;8;9,78159E+12;
Dannys Game of Sink or Float;87;9;9,78159E+12;
Dannys Garden;88;7;9,78159E+12;
Dannys Garden Lap Book;89;8;9,78159E+12;
Dannys Groundhog Day;90;9;9,78159E+12;
Dannys Hair is Everywhere;91;7;9,78159E+12;
Dannys Hats;92;8;9,78159E+12;
Dannys New Toy;93;9;9,78159E+12;
Dannys New Toy Lap Book;94;7;9,78159E+12;
Dannys Party;95;8;9,78159E+12;
Dannys Picture Day;96;9;9,78159E+12;
Dannys Really Big Show;97;7;9,78159E+12;
Dannys Rocket Lap Book;98;8;9,78159E+12;
Dannys Science Set (Geologist Botanist and Entomologist books);99;9;9,78159E+12;
Dannys Shadow;100;7;9,78159E+12;
